{"initial_reset_timestamp": 1549006769.1570632, "timestamps": [1549006790.816931, 1549006808.4939728, 1549006818.200488, 1549006828.2076025, 1549006829.8932183, 1549006839.2006748, 1549006840.5303667, 1549006848.0168595, 1549006870.3118382, 1549006880.6055362, 1549006891.0459454, 1549006901.2973962, 1549006911.389906], "episode_lengths": [747, 597, 758, 770, 123, 744, 107, 555, 753, 772, 798, 783, 768], "episode_rewards": [312.59820556640625, 118.51837158203125, 311.63702392578125, 311.0607604980469, -79.17838287353516, 311.9054260253906, -84.43878173828125, 99.5694580078125, 311.9007263183594, 310.1391906738281, 308.85345458984375, 310.6649475097656, 310.7070617675781], "episode_types": ["t", "t", "t", "t", "t", "t", "t", "t", "t", "t", "t", "t", "t", "t"]}