{"initial_reset_timestamp": 1550711111.69013, "timestamps": [1550711116.4924765, 1550711121.5474222, 1550711124.850778, 1550711127.3535247, 1550711129.5894494, 1550711131.5080714, 1550711133.6935668, 1550711136.56312, 1550711140.3002744, 1550711142.6031227], "episode_lengths": [135, 139, 129, 144, 130, 115, 131, 117, 111, 137], "episode_rewards": [135.0, 139.0, 129.0, 144.0, 130.0, 115.0, 131.0, 117.0, 111.0, 137.0], "episode_types": ["t", "t", "t", "t", "t", "t", "t", "t", "t", "t"]}