{"initial_reset_timestamp": 1550701121.4035652, "timestamps": [1550701128.3928585, 1550701135.2172258, 1550701138.5873306, 1550701141.9413643], "episode_lengths": [200, 200, 200, 200], "episode_rewards": [200.0, 200.0, 200.0, 200.0], "episode_types": ["t", "t", "t", "t", "t"]}