{"initial_reset_timestamp": 1550703894.9041882, "timestamps": [1550703907.8351424], "episode_lengths": [200], "episode_rewards": [200.0], "episode_types": ["t", "t"]}